,name,link,upc,price,rating,reviews
0,Tide Liquid Laundry Detergent Plus Downy April Fresh (37 fl oz ),http://www.walgreens.com/store/c/tide-liquid-laundry-detergent-plus-downy-april-fresh/ID=prod6370864-product, 03700073975,4.99,4.2,280
1,Glade Carpet & Room Odor Eliminator Powder (32 Ounces ),http://www.walgreens.com/store/c/glade-carpet-&-room-odor-eliminator-powder/ID=prod2560908-product, 04650015474,3.29,4.8,39
2,Scrubbing Bubbles Foaming Disinfectant Citrus (32 oz ),http://www.walgreens.com/store/c/scrubbing-bubbles-foaming-disinfectant-citrus/ID=prod6201268-product, 02570070755,3.99,4.6,188
3,Tide Ultra Stain Release High Efficiency Liquid Detergent Original (37 fl oz ),http://www.walgreens.com/store/c/tide-ultra-stain-release-high-efficiency-liquid-detergent-original/ID=prod6370863-product, 03700087589,4.99,4.3,246
4,Palmolive Oxy Dish Soap (20 oz ),http://www.walgreens.com/store/c/palmolive-oxy-dish-soap/ID=prod6345654-product, 03500045041,,5.0,2
5,Xtra Plus OxiClean Liquid Detergent Crystal Clean (51 fl oz ),http://www.walgreens.com/store/c/xtra-plus-oxiclean-liquid-detergent-crystal-clean/ID=prod6370865-product, 09451442886,3.49,5.0,2
6,Drano Max Gel Clog Remover (32 Ounces ),http://www.walgreens.com/store/c/drano-max-gel-clog-remover/ID=prod6010094-product, 01980000117,,,
7,Scrubbing Bubbles Vanish Drop-In Bowl Cleaner Blue (3 ea ),http://www.walgreens.com/store/c/scrubbing-bubbles-vanish-drop-in-bowl-cleaner/ID=prod6273130-product, 01980070480,4.19,,
8,Palmolive Dish Soap Lavender (20 oz ),http://www.walgreens.com/store/c/palmolive-dish-soap-lavender/ID=prod6345653-product, 03500045043,2.49,2.7,3
9,Tide With Febreze Freshness Liquid Detergent Spring and Renewal (37 fl oz ),http://www.walgreens.com/store/c/tide-with-febreze-freshness-liquid-detergent-spring-and-renewal/ID=prod6370866-product, 03700087563,4.99,3.9,398
10,Palmolive Dish Soap Original (20 fl oz ),http://www.walgreens.com/store/c/palmolive-dish-soap-original/ID=prod6345658-product, 03500045118,2.49,4.4,812
11,Tide With Febreze Freshness High Efficiency Liquid Detergent Sport (37 fl oz ),http://www.walgreens.com/store/c/tide-with-febreze-freshness-high-efficiency-liquid-detergent-sport/ID=prod6370887-product, 03700088577,4.99,3.6,307
12,Drano Max Gel Clog Remover (80 oz ),http://www.walgreens.com/store/c/drano-max-gel-clog-remover/ID=prod6248558-product, 01980040109,,,
13,Pledge Multi-Surface Antibacterial Spray Cleaner Citrus (9.7 oz ),http://www.walgreens.com/store/c/pledge-multi-surface-antibacterial-spray-cleaner-citrus/ID=prod6243126-product, 04650072354,6.49,3.0,2
14,Tide With Febreze Freshness High Efficiency Liquid Detergent Botanical Rain (37 fl oz ),http://www.walgreens.com/store/c/tide-with-febreze-freshness-high-efficiency-liquid-detergent-botanical-rain/ID=prod6370854-product, 03700098513,4.99,4.8,134
15,Drano Foam Clog Remover (17 fl oz ),http://www.walgreens.com/store/c/drano-foam-clog-remover/ID=prod6037978-product, 01980012738,,,
16,Dawn Ultra Dishwashing Liquid Dish Soap (19.4 fl oz ),http://www.walgreens.com/store/c/dawn-ultra-dishwashing-liquid-dish-soap/ID=prod6383217-product, 03700097305,2.99,4.8,1075
17,Lysol Disinfectant All Purpose Cleaner 4 in 1 Spray Lemon Breeze (32 fl oz ),http://www.walgreens.com/store/c/lysol-disinfectant-all-purpose-cleaner-4-in-1-spray-lemon-breeze/ID=prod350895-product, 01920075352,4.49,3.7,60
18,Pledge Cleaning Wipes (25 ea ),http://www.walgreens.com/store/c/pledge-cleaning-wipes/ID=prod1341823-product, 04650021462,6.49,4.6,48
19,"Palmolive Antibacterial Dish Soap, Hand Soap (20 oz )","http://www.walgreens.com/store/c/palmolive-antibacterial-dish-soap,-hand-soap/ID=prod6345652-product", 03500045038,2.49,2.8,13
20,Lysol Disinfecting Wipes Lemon Lime (35 ea ),http://www.walgreens.com/store/c/lysol-disinfecting-wipes-lemon-lime/ID=prod350891-product, 01920081145,3.99,4.3,137
21,Palmolive Liquid Dish Soap Oxy Power Degreaser (10 oz ),http://www.walgreens.com/store/c/palmolive-liquid-dish-soap-oxy-power-degreaser/ID=prod6016541-product, 03500000057,1.29,4.8,419
22,Nice! Ultra Dish Tablets (20 ea ),http://www.walgreens.com/store/c/nice!-ultra-dish-tablets/ID=prod6338754-product, 04902293347,3.49,5.0,3
23,Persil ProClean Liquid Laundry Detergent Intense Fresh (40 fl oz ),http://www.walgreens.com/store/c/persil-proclean-liquid-laundry-detergent-intense-fresh/ID=prod6370872-product, 02420009423,7.49,4.8,12
24,"Clorox Toilet Bowl Cleaner with Bleach Rain Clean, Rain Clean (24 fl oz )","http://www.walgreens.com/store/c/clorox-toilet-bowl-cleaner-with-bleach-rain-clean,-rain-clean/ID=prod4329-product", 04460000938,,4.3,409
25,Mrs. Meyer's Clean Day Multi-Surface Everyday Cleaner Lemon Verbena (16 fl oz ),http://www.walgreens.com/store/c/mrs.-meyer's-clean-day-multi-surface-everyday-cleaner-lemon-verbena/ID=prod6260617-product, 80812412441,3.99,4.5,28
26,Lysol 4 in 1 Disinfecting Wipes Lemon & Lime Blossom (80 ea ),http://www.walgreens.com/store/c/lysol-4-in-1-disinfecting-wipes-lemon-&-lime-blossom/ID=prod3471375-product, 01920077182,6.29,4.3,138
27,Gain Liquid Fabric Softener Original (51 fl oz ),http://www.walgreens.com/store/c/gain-liquid-fabric-softener-original/ID=prod6370889-product, 03700099929,6.49,4.6,240
28,Nice! Disinfectant Wipes Lemon (35 ea ),http://www.walgreens.com/store/c/nice!-disinfectant-wipes-lemon/ID=prod6298605-product, 04902285099,3.49,,
29,Seventh Generation Free & Clear Dish Liquid Free & Clear (25 fl oz ),http://www.walgreens.com/store/c/seventh-generation-free-&-clear-dish-liquid-free-&-clear/ID=prod3589318-product, 73291322733,3.19,4.6,442
30,Nice! Dishwasher Packs Single Dose Detergent Fresh Scent (15 ea ),http://www.walgreens.com/store/c/nice!-dishwasher-packs-single-dose-detergent-fresh-scent/ID=prod6159054-product, 04902264096,3.49,3.7,6
31,Cascade Platinum ActionPacs Dishwasher Detergent Lemon (16.7 oz ),http://www.walgreens.com/store/c/cascade-platinum-actionpacs-dishwasher-detergent-lemon/ID=prod6370925-product, 03700098212,11.49,4.2,6111
32,Drano Snake Plus Drain Cleaning Kit (16 Ounces ),http://www.walgreens.com/store/c/drano-snake-plus-drain-cleaning-kit/ID=prod6089648-product, 01980070241,7.49,5.0,2
33,Palmolive Dish Soap Original (10 fl oz ),http://www.walgreens.com/store/c/palmolive-dish-soap-original/ID=prod6345416-product, 03500000059,1.29,4.4,812
34,"Clorox ToiletWand Disinfecting Refills, Disposable Wand Heads (10 ea )","http://www.walgreens.com/store/c/clorox-toiletwand-disinfecting-refills,-disposable-wand-heads/ID=prod6045929-product", 04460001717,5.49,4.6,1411
35,Finish Jet-Dry Dishwasher Rinse Agent (8.45 fl oz ),http://www.walgreens.com/store/c/finish-jet-dry-dishwasher-rinse-agent/ID=prod389355-product, 05170036930,4.99,4.5,6
36,Cascade Platinum ActionPacs + Oxi Fresh (0.55 oz ),http://www.walgreens.com/store/c/cascade-platinum-actionpacs---oxi-fresh/ID=prod6390813-product, 03700098089,12.49,4.8,640
37,Lysol Neutra Air Sanitizing Spray Revitalizing Fresh Breeze (10 oz ),http://www.walgreens.com/store/c/lysol-neutra-air-sanitizing-spray-revitalizing-fresh-breeze/ID=prod389357-product, 01920076938,3.99,4.8,40
38,"Clorox Disinfecting Wipes, Bleach Free Cleaning Wipes Lemon, Citrus Blend (35 ea )","http://www.walgreens.com/store/c/clorox-disinfecting-wipes,-bleach-free-cleaning-wipes-lemon,-citrus-blend/ID=prod372207-product", 04460001594,,4.8,15746
39,Lysol Mold & Mildew Foamer with Bleach (32 oz ),http://www.walgreens.com/store/c/lysol-mold-&-mildew-foamer-with-bleach/ID=prod2107021-product, 01920078915,4.99,4.3,31
40,Arm & Hammer Liquid Odor Blasters Fresh Burst (43.75 oz ),http://www.walgreens.com/store/c/arm-&-hammer-liquid-odor-blasters-fresh-burst/ID=prod6370894-product, 03320097240,6.99,4.8,121
41,"Clorox Disinfecting Wipes Value Pack, Bleach Free Cleaning Wipes Assorted (75 ea )","http://www.walgreens.com/store/c/clorox-disinfecting-wipes-value-pack,-bleach-free-cleaning-wipes-assorted/ID=prod6145476-product", 04460001599,9.99,4.8,15743
42,Nice! Disinfectant Wipes Fresh (35 ea ),http://www.walgreens.com/store/c/nice!-disinfectant-wipes-fresh/ID=prod6298604-product, 04902285098,3.49,5.0,3
43,Dawn Platinum Dishwashing Liquid Dish Soap (16.2 oz ),http://www.walgreens.com/store/c/dawn-platinum-dishwashing-liquid-dish-soap/ID=prod6383735-product, 03700097291,2.99,4.8,149
44,Ajax Powder Cleanser (14 oz ),http://www.walgreens.com/store/c/ajax-powder-cleanser/ID=prod699137-product, 03500005360,0.99,4.7,7
45,Lysol Dual Action Disinfecting Wipes Citrus (35 ea ),http://www.walgreens.com/store/c/lysol-dual-action-disinfecting-wipes-citrus/ID=prod6068170-product, 01920081143,3.99,4.5,64
46,Lysol Disinfecting Wipes Brand New Day (80 ea ),http://www.walgreens.com/store/c/lysol-disinfecting-wipes-brand-new-day/ID=prod6367409-product, 01920097181,6.29,4.3,136
47,Lysol Power & Free Multi-Purpose Cleaner Citrus Sparkle Zest (22 fl oz ),http://www.walgreens.com/store/c/lysol-power-&-free-multi-purpose-cleaner-citrus-sparkle-zest/ID=prod6144208-product, 01920085017,4.49,4.3,103
48,Lysol Disinfectant Spray Linen (12.5 Ounces ),http://www.walgreens.com/store/c/lysol-disinfectant-spray-linen/ID=prod1215-product, 01920074186,6.99,3.8,140
49,Swiffer Sweeper Wet Mopping Cloths Open Window Fresh Grand Air (24 ea ),http://www.walgreens.com/store/c/swiffer-sweeper-wet-mopping-cloths-open-window-fresh-grand-air/ID=prod6143444-product, 03700035155,9.99,3.9,88
50,"Tilex Plus Tilex Daily Shower Cleaner, Spray Bottle Fresh (32 fl oz )","http://www.walgreens.com/store/c/tilex-plus-tilex-daily-shower-cleaner,-spray-bottle-fresh/ID=prod3802-product", 04460001260,,2.9,35
51,Dawn Ultra Antibacterial Dishwashing Liquid Soap (19.4 fl oz ),http://www.walgreens.com/store/c/dawn-ultra-antibacterial-dishwashing-liquid-soap/ID=prod6383747-product, 03700097307,2.99,4.6,161
52,"Palmolive Ultra Antibacterial Liquid Dish Soap, Hand Soap Orange (10 fl oz )","http://www.walgreens.com/store/c/palmolive-ultra-antibacterial-liquid-dish-soap,-hand-soap-orange/ID=prod6012336-product", 03500000163,1.29,3.2,17
53,"Clorox Bathroom Foamer with Bleach, Spray Bottle, Original (30 fl oz )","http://www.walgreens.com/store/c/clorox-bathroom-foamer-with-bleach,-spray-bottle,-original/ID=prod6062634-product", 04460030614,4.29,4.3,152
54,Nice! Disinfectant Wipes (2 ea ),http://www.walgreens.com/store/c/nice!-disinfectant-wipes/ID=prod6298610-product, 04902285536,,5.0,2
55,Lysol Complete Clean Bathroom Cleaner Spray Island Breeze (32 fl oz ),http://www.walgreens.com/store/c/lysol-complete-clean-bathroom-cleaner-spray-island-breeze/ID=prod6008194-product, 01920002699,4.79,3.2,42
56,Clorox Disinfecting Bathroom Cleaner Spray (30 fl oz ),http://www.walgreens.com/store/c/clorox-disinfecting-bathroom-cleaner-spray/ID=prod1375536-product, 04460008033,4.29,4.7,167
57,Seventh Generation Disinfecting Wipes Lemongrass Citrus (70 ea ),http://www.walgreens.com/store/c/seventh-generation-disinfecting-wipes-lemongrass-citrus/ID=prod6109727-product, 73291322813,5.99,4.1,365
58,Tilex Mold & Mildew Remover Spray (32 fl oz ),http://www.walgreens.com/store/c/tilex-mold-&-mildew-remover-spray/ID=prod6012150-product, 04460001195,5.79,2.7,15
59,Persil ProClean Liquid Laundry Detergent Original (40 fl oz ),http://www.walgreens.com/store/c/persil-proclean-liquid-laundry-detergent-original/ID=prod6370851-product, 02420009414,7.49,4.0,9642
60,"Clorox Disinfecting Wipes, Bleach Free Cleaning Wipes Fresh, Fresh Scent (35 ea )","http://www.walgreens.com/store/c/clorox-disinfecting-wipes,-bleach-free-cleaning-wipes-fresh,-fresh-scent/ID=prod372209-product", 04460001593,,4.9,2023
61,Fabuloso Multi-Purpose Cleaner Liquid Ocean Paradise (22 oz ),http://www.walgreens.com/store/c/fabuloso-multi-purpose-cleaner-liquid-ocean-paradise/ID=prod6212238-product, 03500053106,1.99,,
62,Lysol Disinfectant Spray Crisp Linen (19 oz ),http://www.walgreens.com/store/c/lysol-disinfectant-spray-crisp-linen/ID=prod2560790-product, 01920079329,8.99,3.8,142
63,"Clorox Disinfecting Wipes, Bleach Free Cleaning Wipes Lemon, Citrus Blend (75 ea )","http://www.walgreens.com/store/c/clorox-disinfecting-wipes,-bleach-free-cleaning-wipes-lemon,-citrus-blend/ID=prod6017023-product", 04460001628,6.29,4.8,15742
64,Lysol Disinfecting Wipes Ocean Fresh (35 ea ),http://www.walgreens.com/store/c/lysol-disinfecting-wipes-ocean-fresh/ID=prod350889-product, 01920081146,3.99,4.3,137
65,Method Glass + Surface Cleaner Mint (28 fl oz ),http://www.walgreens.com/store/c/method-glass-%2b-surface-cleaner-mint/ID=prod6085127-product, 81793900003,4.29,4.9,8
66,Lysol Laundry Sanitizer Crisp Linen (41 fl oz ),http://www.walgreens.com/store/c/lysol-laundry-sanitizer-crisp-linen/ID=prod6370874-product, 01920095871,7.49,5.0,2
67,Dawn Gentle Clean Dishwashing Liquid Dish Soap (16.2 fl oz ),http://www.walgreens.com/store/c/dawn-gentle-clean-dishwashing-liquid-dish-soap/ID=prod6383722-product, 03700097289,2.99,4.7,84
68,Resolve Spot + Stain Carpet Stain Remover (22 fl oz ),http://www.walgreens.com/store/c/resolve-spot---stain-carpet-stain-remover/ID=prod4234-product, 01920000601,6.49,3.9,13
69,Seventh Generation Disinfecting Multi-Surface Cleaner Lemongrass Citrus (26 fl oz ),http://www.walgreens.com/store/c/seventh-generation-disinfecting-multi-surface-cleaner-lemongrass-citrus/ID=prod6146748-product, 73291322810,3.59,3.3,106
70,Nice! Glass Cleaner (32 oz ),http://www.walgreens.com/store/c/nice!-glass-cleaner/ID=prod6334584-product, 04902291382,3.49,,
71,Nice! Premium Dishwasher Packs Fresh Scent (12 ea ),http://www.walgreens.com/store/c/nice!-premium-dishwasher-packs-fresh-scent/ID=prod6309924-product, 04902286748,3.49,,
72,Method All-Purpose Surface Cleaner (28 fl oz ),http://www.walgreens.com/store/c/method-all-purpose-surface-cleaner/ID=prod6085129-product?skuId=sku6077671, 81793900005,4.29,5.0,6
73,Nice! Disinfectant Wipes Lemon (75 sh ),http://www.walgreens.com/store/c/nice!-disinfectant-wipes-lemon/ID=prod6298603-product, 04902285097,4.49,,
74,Soft Scrub Cleanser with Bleach Surface Cleaner (24 oz ),http://www.walgreens.com/store/c/soft-scrub-cleanser-with-bleach-surface-cleaner/ID=prod6373750-product, 02340001602,3.99,,
75,Swiffer Wet Cloths With Gain (24 ea ),http://www.walgreens.com/store/c/swiffer-wet-cloths-with-gain/ID=prod6303864-product, 03700083052,9.99,3.9,87
76,"Sun Liquid Laundry Detergent Oxi Fresh, 30 Loads (45.4 oz )","http://www.walgreens.com/store/c/sun-liquid-laundry-detergent-oxi-fresh,-30-loads/ID=prod6300617-product", 07261371036,,,
77,OxiClean Versatile Stain Remover Powder (3 lb ),http://www.walgreens.com/store/c/oxiclean-versatile-stain-remover-powder/ID=prod6092467-product, 75703751523,11.49,4.4,283
78,S.O.S Steel Wool Soap Pads (10 ea ),http://www.walgreens.com/store/c/s.o.s-steel-wool-soap-pads/ID=prod6090610-product, 01650098032,2.99,5.0,3
79,Lysol Disinfectant Spray Spring Waterfall (12.5 fl oz ),http://www.walgreens.com/store/c/lysol-disinfectant-spray-spring-waterfall/ID=prod1192-product, 01920002845,6.99,3.8,139
80,Nice! Disinfecting Wipes (15 sh ),http://www.walgreens.com/store/c/nice!-disinfecting-wipes/ID=prod6292234-product, 04902285900,1.99,4.7,3
81,Febreze Plug Air Freshener Scented Oil Refill Gain Original (0.87 fl oz ),http://www.walgreens.com/store/c/febreze-plug-air-freshener-scented-oil-refill-gain-original/ID=prod6145348-product, 03700032010,,4.6,750
82,Lysol Disinfectant Spray (12.5 Ounces ),http://www.walgreens.com/store/c/lysol-disinfectant-spray/ID=prod6039317-product, 01920081545,6.99,3.8,141
83,Nice! Disinfectant Spray Country Floral Rain (12.5 oz ),http://www.walgreens.com/store/c/nice!-disinfectant-spray-country-floral-rain/ID=prod6291669-product, 04902286064,4.99,5.0,1
84,Arm & Hammer Pet Fresh Carpet Odor Eliminator Powder plus OxiClean Dirt Fighters (42.6 Ounces ),http://www.walgreens.com/store/c/arm-&-hammer-pet-fresh-carpet-odor-eliminator-powder-plus-oxiclean-dirt-fighters/ID=prod3123091-product, 03320011443,3.99,4.3,116
85,Method Foaming Bathroom Cleaner (28 oz. ),http://www.walgreens.com/store/c/method-foaming-bathroom-cleaner/ID=prod6334581-product, 81793901656,4.99,,
86,Febreze Extra Strength Fabric Refresher Original (27 fl oz ),http://www.walgreens.com/store/c/febreze-extra-strength-fabric-refresher-original/ID=prod4052253-product, 03700019744,5.79,4.6,424
87,"DampRid Hanging Moisture Absorber, Fresh Scent (14 oz )","http://www.walgreens.com/store/c/damprid-hanging-moisture-absorber,-fresh-scent/ID=prod3016983-product", 07591900180,6.99,4.9,7
88,Febreze Unstopables Fabric Refresher Fresh (16.9 fl oz ),http://www.walgreens.com/store/c/febreze-unstopables-fabric-refresher-fresh/ID=prod6289267-product, 03700090902,5.49,4.3,241
89,Method Wood for Good Daily Clean Almond (28 fl oz ),http://www.walgreens.com/store/c/method-wood-for-good-daily-clean-almond/ID=prod6149748-product, 81793901182,5.99,4.5,4
90,Resolve Pet Expert Spot & Stain Carpet Stain Remover (22 fl oz ),http://www.walgreens.com/store/c/resolve-pet-expert-spot-&-stain-carpet-stain-remover/ID=prod6146617-product, 01920078033,6.49,5.0,2
91,Nice! Disinfectant Linen Blossom (12.5 oz ),http://www.walgreens.com/store/c/nice!-disinfectant-linen-blossom/ID=prod6291668-product, 04902286063,4.99,5.0,1
92,Lysol Hygienic Automatic Toilet Cleaner Atlantic Fresh (4 oz ),http://www.walgreens.com/store/c/lysol-hygienic-automatic-toilet-cleaner-atlantic-fresh/ID=prod6102414-product, 01920083721,5.29,,
93,Method Foaming Hand Wash (10 fl oz ),http://www.walgreens.com/store/c/method-foaming-hand-wash/ID=prod6066683-product?skuId=sku6061190, 81793900361,3.99,5.0,1
94,"Pine-Sol Multi-Surface Cleaner & Deodorizer Original, Original (40 fl oz )",http://www.walgreens.com/store/c/pine-sol-multi-surface-cleaner-%26-deodorizer-original-original/ID=prod6112539-product, 04129497325,4.99,4.7,20699
95,Kaboom Foam-Tastic Color Changing Bathroom Cleaner (19 oz ),http://www.walgreens.com/store/c/kaboom-foam-tastic-color-changing-bathroom-cleaner/ID=prod6045972-product, 75703735270,6.29,4.6,559
96,Lysol Disinfectant Spray Lemon Breeze (12.5 oz ),http://www.walgreens.com/store/c/lysol-disinfectant-spray-lemon-breeze/ID=prod6203457-product, 01920087871,6.99,3.8,139
97,Nice! Disinfectant Wipes Fresh (75 sh ),http://www.walgreens.com/store/c/nice!-disinfectant-wipes-fresh/ID=prod6298602-product, 04902285096,4.49,,
98,Complete Home Fabric Softener Sheets (160 ea ),http://www.walgreens.com/store/c/complete-home-fabric-softener-sheets/ID=prod6370870-product, 04902299337,5.99,,
99,Method Dish Soap Pump (18 fl oz ),http://www.walgreens.com/store/c/method-dish-soap-pump/ID=prod6112305-product?skuId=sku6126474, 81793900735,3.79,,
100,DampRid Moisture Absorber Refill (42 oz ),http://www.walgreens.com/store/c/damprid-moisture-absorber-refill/ID=prod1993560-product, 07591900130,5.99,5.0,1
101,Method Dishwasher Detergent Packs Free + Clear (1 oz. ),http://www.walgreens.com/store/c/method-dishwasher-detergent-packs-free-%2b-clear/ID=prod6368202-product, 81793901758,5.49,3.0,2
102,"Method Squirt + Mop, Hard Floor Cleaner (25 fl oz )",http://www.walgreens.com/store/c/method-squirt-%2b-mop-hard-floor-cleaner/ID=prod6143784-product, 81793900563,5.99,3.0,4
103,DampRid Refillable Moisture Absorber (10.5 oz ),http://www.walgreens.com/store/c/damprid-refillable-moisture-absorber/ID=prod1993561-product, 07591900006,4.99,5.0,4
104,Liquid-Plumr Pro-Strength Clog Destroyer Gel With PipeGuard (32 fl oz ),http://www.walgreens.com/store/c/liquid-plumr-pro-strength-clog-destroyer-gel-with-pipeguard/ID=prod6017209-product, 04460000221,5.99,4.5,1021
105,Method Squirt + Mop Wood Floor Cleaner (25 fl oz ),http://www.walgreens.com/store/c/method-squirt-%2b-mop-wood-floor-cleaner/ID=prod6108318-product, 81793900562,5.99,4.0,9
106,Nice! Furniture Polish Lemon (9.7 oz ),http://www.walgreens.com/store/c/nice!-furniture-polish-lemon/ID=prod6292189-product, 04902286047,4.29,,
107,Nice! All Purpose Cleaner (32 oz ),http://www.walgreens.com/store/c/nice!-all-purpose-cleaner/ID=prod6287204-product, 04902284878,3.49,5.0,2
108,Nice! Platinum Auto Dish Cleaner (48 ea ),http://www.walgreens.com/store/c/nice!-platinum-auto-dish-cleaner/ID=prod6390850-product, 04902210580,8.99,,
109,Lysol Disinfectant Spray Cherry Blossom & Pomegranate (19 oz ),http://www.walgreens.com/store/c/lysol-disinfectant-spray-cherry-blossom-&-pomegranate/ID=prod6276203-product, 01920092985,8.99,3.8,140
110,"Pine-Sol Household Cleaner Sparkling Wave, Sparkling Wave (28 oz )","http://www.walgreens.com/store/c/pine-sol-household-cleaner-sparkling-wave,-sparkling-wave/ID=prod4216-product", 04129441900,,4.8,3605
111,Resolve High Traffic Area Carpet Cleaner Foam (22 fl oz ),http://www.walgreens.com/store/c/resolve-high-traffic-area-carpet-cleaner-foam/ID=prod4235-product, 01920000619,6.49,3.3,11
112,"Pine-Sol Multi-Surface Cleaner & Deodorizer Original, Original (24 fl oz )",http://www.walgreens.com/store/c/pine-sol-multi-surface-cleaner-%26-deodorizer-original-original/ID=prod6090611-product, 04129497326,,4.7,20699
113,"Pine-Sol Multi-Surface Cleaner Lemon Fresh, Lemon Fresh (28 fl oz )","http://www.walgreens.com/store/c/pine-sol-multi-surface-cleaner-lemon-fresh,-lemon-fresh/ID=prod6018481-product", 04129440187,,4.8,9363
114,Lysol Max Cover Disinfectant Spray Garden After Rain (12.5 oz ),http://www.walgreens.com/store/c/lysol-max-cover-disinfectant-spray-garden-after-rain/ID=prod6335068-product, 01920095590,7.79,,
115,Nice! Disinfectant Clean Citrus (12.5 oz ),http://www.walgreens.com/store/c/nice!-disinfectant-clean-citrus/ID=prod6291667-product, 04902286062,4.99,5.0,1
116,"Clorox Disinfecting Wipes, Bleach Free Cleaning Wipes Fresh, Fresh Scent (75 ea )",http://www.walgreens.com/store/c/clorox-disinfecting-wipes-bleach-free-cleaning-wipes-fresh-fresh-scent/ID=prod6179473-product, 04460001656,6.29,4.9,2015
117,Easy-Off Heavy Duty Oven Cleaner Spray Fresh (14.5 oz ),http://www.walgreens.com/store/c/easy-off-heavy-duty-oven-cleaner-spray-fresh/ID=prod6210260-product, 06233887979,6.29,,
118,Nice! Heavy Duty Erasers (4 ea ),http://www.walgreens.com/store/c/nice!-heavy-duty-erasers/ID=prod6334579-product, 04902290652,3.99,4.3,3
119,Clorox Liquid-Plumr Penetrex Gel Clog Remover (17 oz. ),http://www.walgreens.com/store/c/clorox-liquid-plumr-penetrex-gel-clog-remover/ID=prod6090623-product, 04460030548,6.29,4.5,283
120,Febreze ONE Fabric & Air Refresher Mist Bamboo (10.1 fl oz ),http://www.walgreens.com/store/c/febreze-one-fabric-&-air-refresher-mist-bamboo/ID=prod6381421-product, 03700098388,,4.7,11683
121,"Sun Liquid Laundry Detergent Tropical Breeze, 30 Loads (45.4 oz )","http://www.walgreens.com/store/c/sun-liquid-laundry-detergent-tropical-breeze,-30-loads/ID=prod6300616-product", 07261370800,,,
122,Lysol Disinfecting Wipes Lemon & Lime Blossom (80 ea ),http://www.walgreens.com/store/c/lysol-disinfecting-wipes-lemon-&-lime-blossom/ID=prod6146619-product, 01920080296,9.99,4.3,140
123,"Sun Liquid Laundry Detergent Summer Escape, 30 Loads (45.4 oz )","http://www.walgreens.com/store/c/sun-liquid-laundry-detergent-summer-escape,-30-loads/ID=prod6300615-product", 07261346230,,,
124,Clorox Liquid-Plumr Pro-Strength Hair Clog Eliminator (16 oz. ),http://www.walgreens.com/store/c/clorox-liquid-plumr-pro-strength-hair-clog-eliminator/ID=prod6210261-product, 04460031019,6.29,4.6,220
125,Seventh Generation Dishwasher Gel Lemon (42 oz ),http://www.walgreens.com/store/c/seventh-generation-dishwasher-gel-lemon/ID=prod6146754-product, 73291322171,4.39,4.2,226
126,Nice! Disinfectant Spray Linen (19 oz ),http://www.walgreens.com/store/c/nice!-disinfectant-spray-linen/ID=prod6393352-product, 04902211139,5.99,5.0,1
127,Lysol  Early Morning Breeze (19 oz ),http://www.walgreens.com/store/c/lysol--early-morning-breeze/ID=prod4185765-product, 01920080834,8.99,3.8,144
128,CLR Calcium Lime Rust Cleaner (28 fl oz ),http://www.walgreens.com/store/c/clr-calcium-lime-rust-cleaner/ID=prod1765587-product, 07829131082,7.49,3.9,39
129,Nice! Microfiber Cleaning Cloths (3 ea ),http://www.walgreens.com/store/c/nice!-microfiber-cleaning-cloths/ID=prod6338613-product, 04902291855,,5.0,1
130,Goo Gone Citrus Power Liquid Adhesive Remover (8 fl oz ),http://www.walgreens.com/store/c/goo-gone-citrus-power-liquid-adhesive-remover/ID=prod6035192-product, 07004877112,6.99,4.8,4
131,CLR Mold & Mildew Stain Remover (32 OZ ),http://www.walgreens.com/store/c/clr-mold-%26-mildew-stain-remover/ID=prod6367448-product, 07829151712,7.79,3.0,4
132,Nice! Liquid Pro Drain Opener (32 oz. ),http://www.walgreens.com/store/c/nice!-liquid-pro-drain-opener/ID=prod6286540-product, 04902284845,5.49,3.0,2
133,OxiClean Stain Remover (28.32 oz ),http://www.walgreens.com/store/c/oxiclean-stain-remover/ID=prod6338655-product, 75703795086,6.99,,
134,Quick Shine Multi-Surface Finish (27 fl oz ),http://www.walgreens.com/store/c/quick-shine-multi-surface-finish/ID=prod2402572-product, 07878677777,9.99,4.4,55
135,Tarn-X Tarnish Remover (12 oz ),http://www.walgreens.com/store/c/tarn-x-tarnish-remover/ID=prod3801-product, 07829116911,7.79,3.2,6
136,Lysol Max Cover Disinfecting Mist Lavender Field (15 oz ),http://www.walgreens.com/store/c/lysol-max-cover-disinfecting-mist-lavender-field/ID=prod6349692-product, 01920094121,8.99,5.0,1
137,Quick Shine Hardwood Floor Luster (27 oz ),http://www.walgreens.com/store/c/quick-shine-hardwood-floor-luster/ID=prod6222627-product, 07878677773,10.99,3.7,3
138,Falcon Compressed Gas Duster (10 oz ),http://www.walgreens.com/store/c/falcon-compressed-gas-duster/ID=prod6257766-product, 04902281809,10.49,3.0,2
139,Lysol Disinfectant Spray (19 fl oz ),http://www.walgreens.com/store/c/lysol-disinfectant-spray/ID=prod6397677-product, 01920087870,8.99,3.8,139
140,Quick Shine Multi-Surface Cleaner (27 fl oz ),http://www.walgreens.com/store/c/quick-shine-multi-surface-cleaner/ID=prod6142843-product, 07878611151,6.29,3.0,4
141,"Clorox Clean-Up All Purpose Cleaner with Bleach, Spray Bottle Original (32 fl oz )","http://www.walgreens.com/store/c/clorox-clean-up-all-purpose-cleaner-with-bleach,-spray-bottle-original/ID=prod4300-product", 04460001204,4.99,4.7,7848
142,Clorox Scentiva Disinfecting Wipes Tuscan Lavender & Jasmine (33 ea ),http://www.walgreens.com/store/c/clorox-scentiva-disinfecting-wipes-tuscan-lavender-&-jasmine/ID=prod6349691-product, 04460031384,,4.9,1582
143,Nice! Antibacterial Hand Wipes Fresh (40 sh ),http://www.walgreens.com/store/c/nice!-antibacterial-hand-wipes-fresh/ID=prod6288102-product, 04902285102,,5.0,1
144,Auto Expressions Ozium Air Sanitizer Original (0.8 oz ),http://www.walgreens.com/store/c/auto-expressions-ozium-air-sanitizer-original/ID=prod16713-product, 07584751001,,4.8,10
145,Lysol Disinfectant Spray For Baby's Room (12.5 oz ),http://www.walgreens.com/store/c/lysol-disinfectant-spray-for-baby's-room/ID=prod6175094-product, 01920085088,,3.8,139
146,Fantastik Scrubbing Bubbles Cleaner with Bleach (32 oz ),http://www.walgreens.com/store/c/fantastik-scrubbing-bubbles-cleaner-with-bleach/ID=prod6172199-product, 05460010568,,4.7,38
147,Dr. Sana Refined Camphor (1 ea ),http://www.walgreens.com/store/c/dr.-sana-refined-camphor/ID=prod6335560-product, 72954502050,,,
148,Nice! Splashless Liquid Bleach with Improved Whitening Free & Clear (64 fl oz ),http://www.walgreens.com/store/c/nice!-splashless-liquid-bleach-with-improved-whitening-free-%26-clear/ID=prod6370886-product, 04902299330,,,
149,Lysol Click Gel Toilet Bowl Cleaners Ocean Fresh (4 ea ),http://www.walgreens.com/store/c/lysol-click-gel-toilet-bowl-cleaners-ocean-fresh/ID=prod6334580-product, 01920092918,,,
150,Swiffer Dusters Heavy Duty Refills Unscented (6 ea ),http://www.walgreens.com/store/c/swiffer-dusters-heavy-duty-refills-unscented/ID=prod6153518-product, 03700016944,9.99,4.5,161
151,Ajax Dish Soap Lemon (28 fl oz ),http://www.walgreens.com/store/c/ajax-dish-soap-lemon/ID=prod6276200-product, 03500044673,,,
152,Nice! Dishwasher Packs Detergent with Shine Shield Fresh Scent (48 ea ),http://www.walgreens.com/store/c/nice!-dishwasher-packs-detergent-with-shine-shield-fresh-scent/ID=prod6338690-product, 04902292739,,5.0,1
153,Nice! Pine Cleaner (40 oz ),http://www.walgreens.com/store/c/nice!-pine-cleaner/ID=prod6334583-product, 04902291381,,4.4,5
154,Windex Original Glass & Surface Wipes (28 ea ),http://www.walgreens.com/store/c/windex-original-glass-&-surface-wipes/ID=prod6062955-product, 01980070232,4.49,4.4,225
155,Ajax Dish Soap Orange (28 fl oz ),http://www.walgreens.com/store/c/ajax-dish-soap-orange/ID=prod6276201-product, 03500044678,,,
156,Great Scents Smoke Eliminator (9 oz ),http://www.walgreens.com/store/c/great-scents-smoke-eliminator/ID=prod6328052-product, 04815592618,,4.7,3
157,Nice! Complete Auto Dish Cleaner (100 ea ),http://www.walgreens.com/store/c/nice!-complete-auto-dish-cleaner/ID=prod6390844-product, 04902210582,,5.0,1
158,Power House Tough Handy Wipes (8 ea ),http://www.walgreens.com/store/c/power-house-tough-handy-wipes/ID=prod6328051-product, 04815592533,,,
159,Clorox Automatic Toilet Bowl Cleaner (2 ea ),http://www.walgreens.com/store/c/clorox-automatic-toilet-bowl-cleaner/ID=prod6169760-product, 04460030024,,4.5,141
160,Suavitel Fabric Softener Field Flowers (50 ea ),http://www.walgreens.com/store/c/suavitel-fabric-softener-field-flowers/ID=prod6288153-product, 03500039013,,,
161,Nice! Multi-Purpose Dish Cloths White (2 ea ),http://www.walgreens.com/store/c/nice!-multi-purpose-dish-cloths/ID=prod6338704-product, 04902292791,,,
162,Nice! Toilet Bowl Cleaner (24 oz ),http://www.walgreens.com/store/c/nice!-toilet-bowl-cleaner/ID=prod6253135-product, 04902273983,,5.0,1
163,Woolite Pet Stain Carpet & Upholstery Cleaner (22 fl oz ),http://www.walgreens.com/store/c/woolite-pet-stain-carpet-&-upholstery-cleaner/ID=prod352909-product, 07830006245,,4.9,8
164,Nice! Laundry Detergent Powder (14.11 OZ ),http://www.walgreens.com/store/c/nice!-laundry-detergent-powder/ID=prod6284723-product, 04902284732,,5.0,2
165,Contour Products Bio Pillow (1 ea ),http://www.walgreens.com/store/c/contour-products-bio-pillow/ID=prod6089037-product, 73770900300,9.99,,
166,Libman Tile and Grout Brush (1 ea ),http://www.walgreens.com/store/c/libman-tile-and-grout-brush/ID=prod6347849-product, 07173600018,,,
167,Goo Gone Sticker Lifter (2 fl oz ),http://www.walgreens.com/store/c/goo-gone-sticker-lifter/ID=prod6389102-product, 07004877191,,,
168,Personal Care Toilet Bowl Tabs Blue (3 ea ),http://www.walgreens.com/store/c/personal-care-toilet-bowl-tabs/ID=prod6341571-product, 04815592544,,,
169,Turtle Wax Quick & Easy Dash & Glass (23 oz ),http://www.walgreens.com/store/c/turtle-wax-quick-&-easy-dash-&-glass/ID=prod6250469-product, 07466000930,,4.3,59
